3.13476,0.232453,-1.58159
3.13482,0.224703,-1.58138
3.13522,0.214187,-1.58065
3.13585,0.201816,-1.5798
3.1376,0.174547,-1.578
3.13979,0.146013,-1.57617
3.14101,0.131597,-1.57526
3.14231,0.117139,-1.57436
3.1451,0.0881477,-1.5726
3.14655,0.073627,-1.57174
3.14803,0.059093,-1.5709
3.15101,0.0299941,-1.56925
3.15251,0.0154297,-1.56845
3.15402,0.000855456,-1.56765
3.15704,-0.0283212,-1.5661
3.15985,-0.0575614,-1.56458
3.16112,-0.0722116,-1.56383
3.16233,-0.0868797,-1.5631
3.16349,-0.101561,-1.56237
3.16577,-0.130955,-1.56095
3.168,-0.160388,-1.55956
3.16909,-0.175119,-1.55888
3.17016,-0.18986,-1.55821
3.17224,-0.219371,-1.55689
3.17424,-0.248921,-1.55561
3.17522,-0.263727,-1.555
3.17618,-0.278578,-1.55444
3.17795,-0.308364,-1.5534
3.17873,-0.323285,-1.5529
3.17947,-0.338218,-1.55241
3.18086,-0.368109,-1.55145
3.18153,-0.383063,-1.55097
3.18281,-0.412991,-1.55004
3.18398,-0.442945,-1.54913
3.18451,-0.457933,-1.54868
3.18502,-0.472918,-1.54822
3.18594,-0.502862,-1.54727
3.18675,-0.532813,-1.54632
3.18709,-0.547799,-1.54585
3.18735,-0.562796,-1.54539
3.18771,-0.592818,-1.54448
3.18784,-0.607843,-1.54404
3.18805,-0.637917,-1.54318
3.18814,-0.652966,-1.54279
3.18827,-0.683114,-1.54219
3.18831,-0.698214,-1.542
3.18834,-0.713324,-1.54188
3.18835,-0.743438,-1.54182
3.18835,-0.758289,-1.54182
3.18835,-0.78779,-1.54182
3.18835,-0.802413,-1.54182
3.18835,-0.816926,-1.54182
3.18835,-0.845796,-1.54182
3.18835,-0.874568,-1.54182
3.18835,-0.888932,-1.54182
3.18835,-0.903288,-1.54182
3.18835,-0.931973,-1.54182
3.18835,-0.946304,-1.54182
3.18835,-0.960628,-1.54182
3.18835,-0.989255,-1.54182
3.18835,-1.00356,-1.54182
3.18835,-1.01785,-1.54182
3.18835,-1.04642,-1.54182
3.18835,-1.07496,-1.54182
3.18835,-1.08921,-1.54182
3.18835,-1.10346,-1.54182
3.18835,-1.13193,-1.54182
3.18835,-1.14614,-1.54182
3.18835,-1.17455,-1.54182
3.18835,-1.20291,-1.54182
3.18833,-1.21707,-1.54174
3.18828,-1.23122,-1.54149
3.18818,-1.24536,-1.54105
3.18788,-1.27364,-1.53966
3.18764,-1.28779,-1.53862
3.18688,-1.31611,-1.53584
3.18635,-1.3303,-1.53447
3.18576,-1.34453,-1.53315
3.18441,-1.3731,-1.53065
3.18366,-1.38744,-1.52947
3.18206,-1.41623,-1.52726
3.18122,-1.43068,-1.52623
3.17946,-1.45969,-1.5243
3.17761,-1.48884,-1.52253
3.17665,-1.50346,-1.5217
3.1747,-1.53279,-1.52016
3.1737,-1.5475,-1.51945
3.17269,-1.56224,-1.51876
3.17167,-1.577,-1.51811
3.1696,-1.60659,-1.51689
3.16854,-1.62142,-1.51632
3.16639,-1.65115,-1.51527
3.1653,-1.66604,-1.51478
3.16309,-1.69588,-1.51386
3.16196,-1.71083,-1.51343
3.15968,-1.74077,-1.51265
3.15735,-1.77077,-1.51194
3.15617,-1.78579,-1.51161
3.15498,-1.80083,-1.5113
3.15258,-1.83095,-1.51073
3.15136,-1.84603,-1.51047
3.15013,-1.86112,-1.51022
3.14764,-1.89133,-1.50978
3.14637,-1.90645,-1.50957
3.1438,-1.93672,-1.50921
3.14249,-1.95187,-1.50904
3.14117,-1.96702,-1.50889
3.13848,-1.99736,-1.50862
3.13574,-2.02774,-1.5084
3.13434,-2.04293,-1.5083
3.13294,-2.05814,-1.50822
3.13011,-2.08857,-1.50808
3.12868,-2.1038,-1.50802
3.12723,-2.11903,-1.50798
3.12432,-2.14952,-1.50792
3.12286,-2.16478,-1.5079
3.12,-2.19531,-1.5079
3.11859,-2.21058,-1.50791
3.11583,-2.2411,-1.50795
3.11448,-2.25636,-1.50798
3.11186,-2.28687,-1.50806
3.11066,-2.30213,-1.50811
3.10951,-2.3174,-1.50817
3.10841,-2.33266,-1.50822
3.10628,-2.36321,-1.50834
3.10421,-2.39375,-1.50846
3.1032,-2.40903,-1.50852
3.10222,-2.42431,-1.50858
3.10031,-2.45488,-1.5087
3.09845,-2.48546,-1.50881
3.09753,-2.50075,-1.50886
3.09661,-2.51605,-1.50891
3.0948,-2.54665,-1.509
3.09308,-2.57727,-1.50909
3.09224,-2.59258,-1.50912
3.09139,-2.6079,-1.50916
3.08967,-2.63854,-1.50921
3.08881,-2.65387,-1.50924
3.08796,-2.66919,-1.50926
3.08631,-2.69986,-1.5093
3.08473,-2.73054,-1.50932
3.08397,-2.74589,-1.50933
3.08323,-2.76125,-1.50933
3.08183,-2.79196,-1.50932
3.08071,-2.82268,-1.5093
3.08022,-2.83804,-1.50928
3.07975,-2.8534,-1.50925
3.07878,-2.88409,-1.50917
3.07827,-2.89942,-1.50911
3.0772,-2.93005,-1.50898
3.07664,-2.94535,-1.5089
3.07607,-2.96065,-1.50881
3.07548,-2.97594,-1.50872
3.07427,-3.0065,-1.50851
3.07307,-3.03705,-1.50828
3.07255,-3.05232,-1.50816
3.07208,-3.06759,-1.50803
3.07122,-3.09812,-1.50776
3.07083,-3.11338,-1.50761
3.07006,-3.14387,-1.50729
3.0693,-3.17434,-1.50693
3.06893,-3.18956,-1.50673
3.06855,-3.20477,-1.50653
3.0678,-3.23517,-1.50609
3.06742,-3.25036,-1.50586
3.06662,-3.2807,-1.50537
3.06619,-3.29586,-1.5051
3.06527,-3.32615,-1.50455
3.06426,-3.3564,-1.50398
3.06372,-3.37152,-1.50368
3.06317,-3.38663,-1.50337
3.0626,-3.40173,-1.50306
3.06146,-3.43192,-1.50242
3.06033,-3.4621,-1.50177
3.05978,-3.47718,-1.50143
3.05923,-3.49226,-1.50109
3.05819,-3.52241,-1.50039
3.05768,-3.53748,-1.50004
3.05666,-3.56759,-1.4993
3.05615,-3.58264,-1.49892
3.05511,-3.61271,-1.49813
3.05404,-3.64274,-1.4973
3.05349,-3.65775,-1.49688
3.05294,-3.67274,-1.49644
3.05238,-3.68773,-1.496
3.05123,-3.71768,-1.49508
3.05064,-3.73264,-1.49461
3.04944,-3.76253,-1.49364
3.04883,-3.77746,-1.49314
3.04821,-3.79238,-1.49262
3.04694,-3.8222,-1.49158
3.04628,-3.8371,-1.49104
3.04495,-3.86685,-1.48993
3.04427,-3.88172,-1.48936
3.04358,-3.89657,-1.48878
3.04217,-3.92625,-1.48759
3.04071,-3.95589,-1.48636
3.03996,-3.97069,-1.48572
3.03919,-3.98563,-1.48556
3.03758,-4.01598,-1.48687
3.03589,-4.04656,-1.48898
3.03503,-4.06188,-1.49013
3.03324,-4.09253,-1.49249
3.03231,-4.10785,-1.49369
3.03138,-4.12318,-1.49488
3.02944,-4.15383,-1.49727
3.02845,-4.16915,-1.49846
3.02744,-4.18446,-1.49965
3.02535,-4.21509,-1.50203
3.02319,-4.24571,-1.50439
3.02207,-4.26102,-1.50557
3.02093,-4.27632,-1.50675
3.0186,-4.30693,-1.50911
3.0174,-4.32222,-1.51028
3.01493,-4.3528,-1.51262
3.01364,-4.36809,-1.51378
3.011,-4.39862,-1.5161
3.00965,-4.4137,-1.51725
3.00833,-4.42838,-1.51836
3.00582,-4.45612,-1.52046
3.00349,-4.48164,-1.52239
3.0024,-4.49355,-1.52329
3.00136,-4.50491,-1.52415
3.00028,-4.51666,-1.52504
3.00028,-4.52714,-1.52504
3.00028,-4.53703,-1.52504
3.00028,-4.55991,-1.52504
3.00028,-4.57201,-1.52504
3.00028,-4.58426,-1.52504
3.00028,-4.59659,-1.52504
3.00029,-4.62135,-1.52506
3.00032,-4.64616,-1.5252
3.00035,-4.65857,-1.52533
3.00038,-4.67098,-1.52549
3.00048,-4.69568,-1.52595
3.00056,-4.70783,-1.5263
3.00074,-4.73194,-1.52711
3.00084,-4.74397,-1.52756
3.00103,-4.76833,-1.52842
3.00111,-4.78069,-1.52881
3.0012,-4.7931,-1.52921
3.00137,-4.81801,-1.53
3.00155,-4.84299,-1.53082
3.00165,-4.8555,-1.53124
3.00174,-4.86802,-1.53168
3.00184,-4.88056,-1.53213
3.00205,-4.90566,-1.53306
3.00226,-4.9308,-1.53403
3.00237,-4.9434,-1.53454
3.00248,-4.95601,-1.53505
3.00272,-4.98126,-1.53611
3.00284,-4.99391,-1.53666
3.00296,-5.00658,-1.53722
3.00321,-5.03196,-1.53837
3.00335,-5.04467,-1.53896
3.00348,-5.0574,-1.53955
3.00374,-5.08292,-1.54076
3.00388,-5.0957,-1.54138
3.00416,-5.12132,-1.54266
3.00445,-5.14701,-1.544
3.00461,-5.15988,-1.5447
3.00476,-5.17277,-1.5454
3.00508,-5.19862,-1.54687
3.00542,-5.22455,-1.5484
3.0056,-5.23755,-1.5492
3.00596,-5.26361,-1.55085
3.00615,-5.27668,-1.5517
3.00653,-5.3029,-1.55346
3.00673,-5.31605,-1.55437
3.00693,-5.32922,-1.55528
3.00735,-5.35566,-1.55717
3.00757,-5.36892,-1.55815
3.00779,-5.38221,-1.55915
3.00825,-5.40889,-1.56126
3.00849,-5.42227,-1.56236
3.009,-5.44914,-1.56464
3.00926,-5.46263,-1.56583
3.00953,-5.47615,-1.56707
3.0101,-5.50331,-1.56965
3.0107,-5.53062,-1.57238
3.01102,-5.54434,-1.57382
3.01134,-5.5581,-1.57529
3.01201,-5.58578,-1.57833
3.01236,-5.59969,-1.5799
3.01308,-5.62766,-1.58309
3.01385,-5.65583,-1.58611
3.01427,-5.67,-1.58752
3.01469,-5.68421,-1.58888
3.01513,-5.69848,-1.59018
3.01605,-5.72714,-1.59261
3.01653,-5.74154,-1.59375
3.01752,-5.77046,-1.59588
3.01803,-5.78497,-1.59688
3.01907,-5.81412,-1.59875
3.0196,-5.82873,-1.59963
3.02014,-5.84339,-1.60046
3.02124,-5.87278,-1.60204
3.02181,-5.88752,-1.60277
3.02298,-5.91707,-1.60416
3.0236,-5.93187,-1.60481
3.02425,-5.9467,-1.60544
3.02565,-5.97641,-1.6066
3.0272,-6.0062,-1.60767
3.02803,-6.02112,-1.60817
3.02891,-6.03606,-1.60864
3.03086,-6.06596,-1.60951
3.03193,-6.08094,-1.60992
3.0342,-6.11093,-1.61066
3.03539,-6.12594,-1.61099
3.03782,-6.15603,-1.6116
3.03905,-6.1711,-1.61187
3.04148,-6.20129,-1.61234
3.04388,-6.23156,-1.61274
3.04505,-6.24672,-1.61291
3.04622,-6.2619,-1.61307
3.04853,-6.2923,-1.61333
3.05072,-6.32275,-1.61354
3.05176,-6.33801,-1.61362
3.05278,-6.35327,-1.61369
3.05379,-6.36855,-1.61376
3.05583,-6.39912,-1.61385
3.05686,-6.41442,-1.61388
3.05888,-6.44504,-1.61393
3.05987,-6.46036,-1.61394
3.06087,-6.47568,-1.61394
3.06287,-6.50632,-1.61392
3.06387,-6.52163,-1.6139
3.06585,-6.55225,-1.61385
3.06674,-6.56756,-1.61381
3.06757,-6.58287,-1.61377
3.06913,-6.61349,-1.61368
3.07062,-6.64412,-1.61358
3.07137,-6.65943,-1.61353
3.07212,-6.67474,-1.61348
3.07363,-6.70536,-1.61337
3.07441,-6.72067,-1.61332
3.07599,-6.75128,-1.61321
3.0768,-6.76658,-1.61316
3.07763,-6.78188,-1.6131
3.07931,-6.81247,-1.61299
3.08017,-6.82776,-1.61293
3.08104,-6.84305,-1.61286
3.08282,-6.87362,-1.61273
3.08465,-6.90416,-1.61258
3.08559,-6.91943,-1.61251
3.08653,-6.9347,-1.61242
3.08749,-6.94995,-1.61234
3.08942,-6.98046,-1.61215
3.09139,-7.01094,-1.61195
3.09238,-7.02617,-1.61184
3.09338,-7.0414,-1.61172
3.0954,-7.07184,-1.61147
3.09643,-7.08705,-1.61134
3.09747,-7.10226,-1.6112
3.09962,-7.13264,-1.61091
3.10074,-7.14782,-1.61075
3.10303,-7.17814,-1.61041
3.10419,-7.19329,-1.61023
3.10654,-7.22357,-1.60984
3.10771,-7.23869,-1.60963
3.11005,-7.26891,-1.60918
3.11121,-7.28401,-1.60894
3.11231,-7.29911,-1.60869
3.11434,-7.3293,-1.60816
3.11529,-7.3444,-1.60789
3.11713,-7.37458,-1.60732
3.11804,-7.38967,-1.60704
3.11981,-7.41984,-1.60645
3.12067,-7.43493,-1.60616
3.12151,-7.45001,-1.60586
3.12232,-7.4651,-1.60556
3.12388,-7.49528,-1.60496
3.12463,-7.51037,-1.60466
3.12607,-7.54056,-1.60406
3.12673,-7.55565,-1.60376
3.12732,-7.57076,-1.60346
3.12834,-7.601,-1.60287
3.12881,-7.61613,-1.60259
3.12926,-7.63126,-1.60231
3.13013,-7.66156,-1.60178
3.13093,-7.69189,-1.60128
3.13129,-7.70707,-1.60105
3.13164,-7.72226,-1.60083
3.13229,-7.75267,-1.60041
3.13259,-7.76789,-1.60022
3.13287,-7.78311,-1.60004
3.1333,-7.81361,-1.59971
3.13349,-7.84417,-1.59944
3.13355,-7.85947,-1.59933
3.1336,-7.8748,-1.59924
3.13364,-7.89013,-1.59917
3.13372,-7.92086,-1.5991
3.13374,-7.93624,-1.59909
3.13385,-7.967,-1.59956
3.13395,-7.98239,-1.6
3.13406,-7.99778,-1.6005
3.13431,-8.02857,-1.60161
3.13444,-8.04397,-1.60219
3.13471,-8.07475,-1.60337
3.13484,-8.09015,-1.60396
3.13511,-8.12093,-1.60515
3.13524,-8.13633,-1.60572
3.13547,-8.16711,-1.60674
3.13567,-8.1979,-1.60763
3.13576,-8.21329,-1.60805
3.13585,-8.22868,-1.60844
3.13603,-8.25947,-1.60922
3.13612,-8.27486,-1.60963
3.13622,-8.29024,-1.61008
3.13647,-8.32101,-1.61119
3.1368,-8.35175,-1.61262
3.13699,-8.36696,-1.61345
3.13717,-8.38173,-1.61428
3.13754,-8.40971,-1.6159
3.13772,-8.42287,-1.61667
3.13805,-8.44744,-1.61812
3.13834,-8.46987,-1.61943
3.13848,-8.48031,-1.62003
3.13851,-8.48262,-1.62017
3.13851,-8.48262,-1.62017
3.13846,-8.48256,-1.61886
3.13834,-8.48245,-1.61072
3.13827,-8.48241,-1.60538
3.13821,-8.48237,-1.59968
3.13808,-8.48229,-1.58784
3.13801,-8.48226,-1.58182
3.13788,-8.48218,-1.56972
3.13781,-8.48215,-1.56365
3.13775,-8.48211,-1.55758
3.13762,-8.48204,-1.54542
3.13755,-8.482,-1.53934
3.13742,-8.48193,-1.52717
3.13736,-8.48189,-1.52109
3.13729,-8.48186,-1.51499
3.13716,-8.48178,-1.50279
3.13703,-8.48171,-1.49058
3.13697,-8.48168,-1.48446
3.13691,-8.48164,-1.47833
3.13678,-8.48157,-1.46606
3.13671,-8.48153,-1.45991
3.13658,-8.48146,-1.44759
3.13652,-8.48142,-1.44142
3.13645,-8.48138,-1.43523
3.13632,-8.48131,-1.42283
3.13626,-8.48127,-1.41661
3.13619,-8.48123,-1.41038
3.13607,-8.48116,-1.39788
3.136,-8.48112,-1.39161
3.13594,-8.48108,-1.38533
3.13581,-8.48101,-1.37272
3.13568,-8.48094,-1.36004
3.13561,-8.4809,-1.35368
3.13555,-8.48086,-1.3473
3.13542,-8.48079,-1.33448
3.13536,-8.48075,-1.32805
3.13529,-8.48071,-1.32159
3.13516,-8.48064,-1.30862
3.1351,-8.4806,-1.3021
3.13497,-8.48052,-1.289
3.13491,-8.48048,-1.28241
3.13484,-8.48045,-1.2758
3.13471,-8.48037,-1.2625
3.13465,-8.48033,-1.25582
3.13452,-8.48026,-1.24237
3.13439,-8.48018,-1.2288
3.13433,-8.48014,-1.22198
3.13427,-8.48011,-1.21512
3.1342,-8.48007,-1.20824
3.13408,-8.47999,-1.19437
3.13395,-8.47991,-1.18038
3.13389,-8.47988,-1.17333
3.13383,-8.47984,-1.16624
3.1337,-8.47976,-1.15197
3.13364,-8.47972,-1.14478
3.13352,-8.47965,-1.13027
3.13345,-8.47961,-1.12296
3.13333,-8.47953,-1.10822
3.13327,-8.47949,-1.10079
3.13321,-8.47946,-1.09331
3.13309,-8.47938,-1.07822
3.13303,-8.47934,-1.07061
3.13291,-8.47927,-1.05524
3.13285,-8.47923,-1.04748
3.13274,-8.47915,-1.03182
3.13268,-8.47911,-1.02391
3.13262,-8.47908,-1.01595
3.1325,-8.479,-0.999866
3.13244,-8.47896,-0.99174
3.13233,-8.47888,-0.975314
3.13227,-8.47885,-0.967013
3.13221,-8.47881,-0.958651
3.1321,-8.47874,-0.941739
3.13199,-8.47875,-0.924568
3.13193,-8.47879,-0.915892
3.13188,-8.47884,-0.907158
3.13177,-8.47902,-0.889528
3.13172,-8.47914,-0.880639
3.13162,-8.47945,-0.862726
3.13157,-8.47964,-0.85371
3.13145,-8.48009,-0.835583
3.13134,-8.48035,-0.826492
3.13121,-8.48063,-0.817396
3.13087,-8.48123,-0.799212
3.13066,-8.4815,-0.790114
3.13042,-8.48175,-0.78105
3.12987,-8.48242,-0.76337
3.12957,-8.48284,-0.754518
3.12903,-8.48398,-0.736761
3.12869,-8.48492,-0.728325
3.12791,-8.48757,-0.712269
3.1275,-8.48929,-0.70456
3.1266,-8.49342,-0.689767
3.12604,-8.49581,-0.682574
3.12466,-8.50105,-0.666829
3.12384,-8.5039,-0.658245
3.12293,-8.50689,-0.649204
3.12086,-8.51348,-0.631055
3.11968,-8.51714,-0.622488
3.11701,-8.52514,-0.606343
3.11375,-8.53397,-0.59148
3.11184,-8.53864,-0.584483
3.10977,-8.54345,-0.577723
3.10531,-8.55349,-0.56433
3.10295,-8.55873,-0.557314
3.10052,-8.56411,-0.550035
3.09541,-8.57533,-0.534765
3.09275,-8.58116,-0.52678
3.08718,-8.59328,-0.510066
3.08427,-8.5996,-0.501588
3.08124,-8.60611,-0.493421
3.07489,-8.61963,-0.47788
3.06815,-8.63382,-0.46339
3.06464,-8.64114,-0.456512
3.06105,-8.64859,-0.449855
3.05355,-8.66384,-0.437173
3.04964,-8.67163,-0.431145
3.04135,-8.68745,-0.419674
3.03225,-8.70339,-0.408869
3.02743,-8.71139,-0.403685
3.02248,-8.71944,-0.398656
3.01743,-8.72755,-0.393773
3.00723,-8.74402,-0.384383
2.99677,-8.76072,-0.375467
2.99146,-8.76915,-0.371158
2.98612,-8.77763,-0.366944
2.98079,-8.78618,-0.362812
2.97003,-8.80339,-0.35476
2.96463,-8.81207,-0.350867
2.95384,-8.82953,-0.343258
2.94841,-8.83829,-0.339551
2.9373,-8.85576,-0.332271
2.93148,-8.86443,-0.328696
2.92559,-8.87309,-0.325148
2.91401,-8.89052,-0.318092
2.90833,-8.89928,-0.314577
2.90266,-8.90807,-0.311096
2.89144,-8.92566,-0.304171
2.88589,-8.93445,-0.300706
2.88037,-8.94323,-0.297231
2.86939,-8.96082,-0.290359
2.86395,-8.96961,-0.286929
2.85852,-8.9784,-0.283523
2.84773,-8.99595,-0.276718
2.84237,-9.00469,-0.273302
2.83164,-9.02207,-0.266466
2.82624,-9.03072,-0.26307
2.81526,-9.04784,-0.256287
2.80967,-9.05631,-0.252911
2.7983,-9.07311,-0.246189
2.79249,-9.08146,-0.242886
2.78644,-9.08971,-0.239631
2.7801,-9.09784,-0.236427
2.76669,-9.11367,-0.230037
2.75971,-9.12144,-0.226843
2.74546,-9.13662,-0.220283
2.7381,-9.14405,-0.216984
2.73068,-9.15149,-0.213693
2.71602,-9.16655,-0.207073
2.70879,-9.17415,-0.203736
2.70162,-9.18179,-0.200382
2.6874,-9.19704,-0.193612
2.68032,-9.20462,-0.190196
2.66618,-9.21974,-0.183393
2.65912,-9.22725,-0.179981
2.64503,-9.24216,-0.173103
2.63096,-9.25689,-0.166146
2.6239,-9.26417,-0.162632
2.61681,-9.27138,-0.159102
2.6024,-9.28563,-0.152144
2.59508,-9.29267,-0.148721
2.58798,-9.29946,-0.145304
2.57453,-9.31233,-0.138426
2.56736,-9.31889,-0.134956
2.55236,-9.33198,-0.127957
2.53662,-9.34429,-0.120833
2.52921,-9.34995,-0.117197
2.52204,-9.3554,-0.113533
2.51457,-9.36084,-0.109848
2.49845,-9.37195,-0.102436
2.48257,-9.3825,-0.0949783
2.47501,-9.3874,-0.091232
2.46758,-9.39216,-0.0874155
2.45285,-9.40143,-0.0796832
2.44549,-9.40599,-0.0757971
2.43074,-9.415,-0.0680089
2.42334,-9.41945,-0.0641096
2.40849,-9.4282,-0.0562054
2.40102,-9.43251,-0.0522392
2.38629,-9.44086,-0.044311
2.37946,-9.44464,-0.0403495
2.36632,-9.45177,-0.0324048
2.35957,-9.4554,-0.028394
2.34506,-9.4632,-0.0203058
2.33106,-9.4707,-0.0120725
2.3245,-9.47423,-0.00794556
2.31807,-9.4777,-0.00382365
2.30546,-9.4846,0.00450477
2.29922,-9.48804,0.00867621
2.28713,-9.49476,0.0169913
2.27535,-9.50131,0.0252562
2.26915,-9.50465,0.0293646
2.26261,-9.50805,0.0334658
2.24904,-9.51489,0.041629
2.24221,-9.51825,0.0457144
2.22899,-9.52472,0.053901
2.22249,-9.52785,0.0580353
2.21594,-9.53083,0.06217
2.20239,-9.53593,0.0704198
2.19545,-9.53822,0.0745103
2.18857,-9.54034,0.0785756
2.17553,-9.54411,0.0868138
2.16915,-9.5459,0.0909395
2.15647,-9.54939,0.099153
2.15012,-9.55111,0.103232
2.1434,-9.55297,0.10729
2.12927,-9.5569,0.115463
2.12217,-9.55885,0.119549
2.10804,-9.56273,0.127855
2.10098,-9.56466,0.13202
2.08699,-9.56845,0.140323
2.0802,-9.57026,0.144502
2.0735,-9.57202,0.148705
2.06018,-9.57551,0.157085
2.05353,-9.57724,0.16125
2.0403,-9.58066,0.169528
2.03387,-9.5823,0.173696
2.02751,-9.5839,0.177863
2.01482,-9.58707,0.186152
2.00212,-9.59021,0.194357
1.99575,-9.59178,0.198407
1.98943,-9.59333,0.202396
1.97694,-9.59636,0.210152
1.97074,-9.59785,0.214014
1.95836,-9.60079,0.221735
1.94483,-9.60382,0.229369
1.93764,-9.60538,0.233132
1.93031,-9.60692,0.236872
1.92291,-9.60845,0.240606
1.90808,-9.61141,0.248181
1.90064,-9.61286,0.251988
1.88575,-9.61569,0.259615
1.87829,-9.61707,0.263427
1.86335,-9.61977,0.271031
1.84837,-9.6224,0.278614
1.84088,-9.62369,0.282395
1.83337,-9.62496,0.286173
1.82585,-9.62621,0.289943
1.8108,-9.62867,0.297468
1.80326,-9.62987,0.301222
1.78822,-9.6322,0.308842
1.78072,-9.63333,0.312694
1.76571,-9.63551,0.320406
1.75819,-9.63655,0.324253
1.74303,-9.6386,0.331767
1.72779,-9.64054,0.339149
1.72015,-9.64149,0.342753
1.7125,-9.64241,0.346271
1.69718,-9.64419,0.353082
1.68185,-9.6459,0.359569
1.67419,-9.64673,0.36272
1.66655,-9.64758,0.365937
1.65129,-9.64932,0.372537
1.63557,-9.65094,0.378661
1.62697,-9.65178,0.381865
1.60916,-9.65351,0.388372
1.60013,-9.65437,0.39163
1.59108,-9.65523,0.394856
1.573,-9.65693,0.401283
1.56398,-9.65779,0.404486
1.55497,-9.65863,0.407662
1.54598,-9.65948,0.410847
1.52798,-9.66117,0.417175
1.51898,-9.66201,0.420324
1.50101,-9.66368,0.426581
1.48311,-9.66535,0.432825
1.47417,-9.66619,0.43594
1.46524,-9.66702,0.439059
1.45632,-9.66785,0.442143
1.43851,-9.66949,0.448239
1.42963,-9.67029,0.451243
1.41188,-9.67188,0.457137
1.40298,-9.67266,0.460027
1.38523,-9.67419,0.465736
1.37639,-9.67495,0.468552
1.35872,-9.67644,0.47408
1.34989,-9.67718,0.476793
1.34106,-9.6779,0.479489
1.3234,-9.67933,0.484783
1.31459,-9.68003,0.487375
1.297,-9.68142,0.4925
1.28819,-9.6821,0.495004
1.2794,-9.68277,0.497502
1.26184,-9.68411,0.502414
1.24429,-9.68541,0.507209
1.23552,-9.68604,0.509563
1.22677,-9.68668,0.511906
1.20928,-9.68793,0.516504
1.20056,-9.68854,0.518762
1.18312,-9.68975,0.523206
1.16583,-9.69093,0.527575
1.15723,-9.69152,0.529732
1.14864,-9.6921,0.531858
1.13148,-9.69324,0.536051
1.1144,-9.69436,0.540163
1.10587,-9.69491,0.542197
1.09735,-9.69546,0.544209
1.08886,-9.696,0.546202
1.07193,-9.69706,0.550082
1.06351,-9.69759,0.552031
1.04673,-9.69867,0.555987
1.03838,-9.69921,0.557992
1.02171,-9.70032,0.562067
1.01307,-9.70092,0.564246
1.00399,-9.70156,0.56658
0.985308,-9.70289,0.571482
0.97587,-9.70358,0.573996
0.957014,-9.70496,0.579075
0.947618,-9.70566,0.581631
0.938265,-9.70637,0.584207
0.919636,-9.70776,0.58933
0.901019,-9.70915,0.594391
0.891727,-9.70983,0.596883
0.882431,-9.71051,0.599367
0.863864,-9.71185,0.604267
0.854584,-9.71251,0.60669
0.836042,-9.71382,0.611504
0.817541,-9.71514,0.616336
0.808322,-9.71581,0.618769
0.799102,-9.71648,0.62121
0.780635,-9.71781,0.626094
0.771424,-9.71848,0.628546
0.753022,-9.71983,0.633482
0.743873,-9.72051,0.635956
0.725587,-9.72185,0.640862
0.71644,-9.72251,0.643276
0.707311,-9.72316,0.645676
0.689055,-9.72445,0.650388
0.679948,-9.72509,0.652704
0.661715,-9.72634,0.657297
0.652607,-9.72697,0.659595
0.634416,-9.72824,0.66425
0.625332,-9.72889,0.666611
0.607222,-9.7302,0.671415
0.589105,-9.73152,0.676249
0.58007,-9.73218,0.67867
0.571038,-9.73285,0.681105
0.552967,-9.73417,0.685967
0.543963,-9.73484,0.688394
0.525954,-9.73616,0.69325
0.516955,-9.73682,0.69567
0.498939,-9.73809,0.700326
0.489894,-9.7387,0.702542
0.480846,-9.73929,0.704704
0.462748,-9.74044,0.708922
0.444685,-9.74157,0.713072
0.435672,-9.74213,0.715133
0.42666,-9.7427,0.717209
0.408699,-9.74383,0.72138
0.399744,-9.7444,0.723476
0.390783,-9.74497,0.72556
0.372933,-9.74611,0.729729
0.364036,-9.74668,0.73182
0.346266,-9.74782,0.736023
0.337623,-9.74838,0.738078
0.321542,-9.74942,0.741895
0.313782,-9.74992,0.743756
0.306113,-9.75042,0.745606
0.289785,-9.75149,0.749543
0.281203,-9.75205,0.751581
0.263781,-9.75312,0.755536
0.255018,-9.75362,0.757382
0.237452,-9.75454,0.760751
0.228696,-9.75495,0.762282
0.219948,-9.75534,0.763712
0.21121,-9.75571,0.765061
0.193777,-9.75638,0.767537
0.185389,-9.75669,0.768707
0.177467,-9.75697,0.769912
0.162246,-9.75751,0.77243
0.154803,-9.75776,0.773771
0.147408,-9.75799,0.775149
0.132679,-9.75844,0.777969
0.125322,-9.75865,0.779397
0.110663,-9.75905,0.782369
0.0960629,-9.7594,0.785476
0.0887618,-9.75957,0.787046
0.0742224,-9.75987,0.79031
0.0669706,-9.76,0.791986
0.0597146,-9.76011,0.793671
0.0451875,-9.76033,0.79704
0.0307107,-9.76054,0.800513
0.0234877,-9.76064,0.802283
0.0162605,-9.76073,0.804056
0.00902916,-9.76082,0.805826
-0.00539338,-9.76098,0.809453
-0.0125864,-9.76106,0.811301
-0.0197832,-9.76113,0.813152
-0.0341993,-9.76126,0.816833
-0.0414024,-9.76131,0.818688
-0.0557744,-9.76139,0.822466
-0.0701635,-9.76142,0.826241
-0.0773583,-9.76142,0.828137
-0.0845306,-9.76142,0.830068
-0.0988699,-9.76137,0.833955
-0.113261,-9.76127,0.837853
-0.120465,-9.76122,0.839835
-0.12765,-9.76117,0.841849
-0.142029,-9.76107,0.845904
-0.149237,-9.76102,0.847924
-0.16362,-9.76092,0.852071
-0.170809,-9.76088,0.854214
-0.17801,-9.76083,0.85637
-0.19244,-9.76074,0.860582
-0.206855,-9.76066,0.864772
-0.214045,-9.76062,0.866878
-0.221234,-9.76058,0.868967
-0.235637,-9.76051,0.873088
-0.24284,-9.76047,0.875136
-0.257218,-9.76041,0.879329
-0.264417,-9.76038,0.881451
-0.278862,-9.76032,0.885689
-0.286097,-9.76029,0.887813
-0.293317,-9.76026,0.889961
-0.307774,-9.76021,0.894252
-0.31502,-9.76018,0.896374
-0.322283,-9.76014,0.898465
-0.336818,-9.76,0.902651
-0.344091,-9.75991,0.904743
-0.35868,-9.75967,0.908867
-0.373336,-9.75939,0.912981
-0.380677,-9.75925,0.91508
-0.388001,-9.75909,0.917223
-0.402656,-9.75878,0.921641
-0.41,-9.75862,0.923882
-0.417356,-9.75845,0.926132
-0.432067,-9.75811,0.930721
-0.446779,-9.75775,0.935415
-0.454155,-9.75757,0.937788
-0.461546,-9.75738,0.940166
-0.468936,-9.75719,0.94259
-0.48367,-9.75679,0.947584
-0.491045,-9.75658,0.950131
-0.505844,-9.75616,0.955309
-0.513273,-9.75592,0.957917
-0.520701,-9.75565,0.960515
-0.535581,-9.75516,0.965575
-0.543059,-9.75497,0.967802
-0.550563,-9.75479,0.969828
-0.56562,-9.75446,0.973519
-0.573145,-9.7543,0.975315
-0.588149,-9.75397,0.979028
-0.595642,-9.75379,0.980962
-0.603131,-9.75361,0.982944
-0.618114,-9.75322,0.987085
-0.6256,-9.75302,0.989254
-0.640523,-9.75258,0.993806
-0.647973,-9.7523,0.996301
-0.662872,-9.75137,1.00128
-0.67034,-9.75081,1.00372
-0.677796,-9.7502,1.00617
-0.692305,-9.74887,1.01108
-0.705479,-9.74751,1.01591
-0.711871,-9.74676,1.01828
-0.718219,-9.74599,1.02061
-0.730869,-9.74441,1.02533
-0.743533,-9.74282,1.0301
-0.749884,-9.74201,1.03251
-0.756251,-9.7412,1.03496
-0.762633,-9.74037,1.03742
-0.775427,-9.73869,1.04248
-0.781841,-9.73783,1.04505
-0.794726,-9.73609,1.05026
-0.8012,-9.73522,1.05287
-0.81423,-9.73347,1.05814
-0.820784,-9.73258,1.06081
-0.827364,-9.7317,1.06347
-0.840612,-9.72992,1.06884
-0.853973,-9.72809,1.07435
-0.860695,-9.72714,1.07721
-0.86744,-9.72616,1.08017
-0.880926,-9.72391,1.08697
-0.887656,-9.72261,1.09091
-0.894394,-9.72121,1.09517
-0.907946,-9.71816,1.10443
-0.914786,-9.71655,1.10932
-0.928631,-9.71316,1.11895
-0.935661,-9.71141,1.12357
-0.949784,-9.70747,1.1324
-0.964019,-9.70282,1.14073
-0.971422,-9.70021,1.14473
-0.978923,-9.69734,1.14862
-0.992987,-9.69192,1.15609
-1.00622,-9.68686,1.16317
-1.01284,-9.68419,1.16658
-1.01955,-9.6814,1.1699
-1.03314,-9.67563,1.17628
-1.03999,-9.67268,1.17937
-1.04686,-9.66968,1.18238
-1.06076,-9.66353,1.1882
-1.06795,-9.66028,1.19101
-1.08257,-9.65358,1.19647
-1.08994,-9.65015,1.19911
-1.10445,-9.64333,1.20425
-1.11794,-9.63695,1.2092
-1.12461,-9.63377,1.21161
-1.13792,-9.62738,1.2163
-1.14458,-9.62417,1.21859
-1.15124,-9.62095,1.22083
-1.1651,-9.61367,1.22521
-1.17923,-9.60529,1.22946
-1.18627,-9.60085,1.23154
-1.19331,-9.59633,1.23359
-1.20668,-9.58796,1.23761
-1.21998,-9.57954,1.24153
-1.22661,-9.57524,1.24345
-1.23323,-9.57088,1.24535
-1.24636,-9.56197,1.24906
-1.25945,-9.55268,1.2526
-1.2661,-9.54774,1.25433
-1.27261,-9.54284,1.25603
-1.28504,-9.53346,1.25939
-1.2911,-9.52884,1.26104
-1.30304,-9.51954,1.26429
-1.30908,-9.51462,1.26589
-1.31529,-9.50939,1.26747
-1.32779,-9.49841,1.27058
-1.33384,-9.49296,1.27212
-1.33964,-9.48767,1.27363
-1.3508,-9.47718,1.27662
-1.35641,-9.47168,1.27809
-1.36792,-9.45991,1.28097
-1.37368,-9.45382,1.28239
-1.38491,-9.44134,1.28519
-1.39575,-9.42917,1.28794
-1.40094,-9.42302,1.28929
-1.40624,-9.41662,1.29063
-1.41175,-9.40986,1.29195
-1.42301,-9.39584,1.29456
-1.42856,-9.38884,1.29584
-1.43926,-9.37519,1.29836
-1.44451,-9.36842,1.29957
-1.45494,-9.35491,1.30192
-1.46024,-9.34801,1.30308
-1.46567,-9.34092,1.30423
-1.47667,-9.32653,1.30651
-1.48219,-9.31928,1.30764
-1.49319,-9.30474,1.30989
-1.49867,-9.29747,1.31101
-1.50938,-9.28314,1.31326
-1.52064,-9.26763,1.31549
-1.5263,-9.25964,1.3166
-1.53192,-9.25156,1.31772
-1.54292,-9.23544,1.31994
-1.55326,-9.22019,1.32217
-1.55831,-9.21254,1.32329
-1.56338,-9.20459,1.3244
-1.57344,-9.18821,1.32661
-1.57839,-9.17989,1.32769
-1.58329,-9.17152,1.32873
-1.59291,-9.15465,1.33073
-1.59761,-9.14618,1.33171
-1.60687,-9.1289,1.33368
-1.61639,-9.1099,1.33562
-1.62113,-9.10009,1.33659
-1.62582,-9.09019,1.33756
-1.63498,-9.07026,1.33948
-1.63925,-9.0602,1.34044
-1.64703,-9.03988,1.34236
-1.65064,-9.02966,1.34331
-1.65413,-9.0194,1.34425
-1.6609,-8.99887,1.3461
-1.66421,-8.98862,1.34701
-1.67073,-8.96813,1.3488
-1.67396,-8.95789,1.34967
-1.67717,-8.94767,1.35054
-1.68352,-8.92728,1.35222
-1.68982,-8.90692,1.35387
-1.69295,-8.89676,1.35469
-1.69606,-8.88661,1.3555
-1.70225,-8.86638,1.35711
-1.70532,-8.85627,1.3579
-1.70838,-8.84619,1.35869
-1.71446,-8.82608,1.36025
-1.72048,-8.80603,1.36181
-1.72347,-8.79604,1.36258
-1.72645,-8.78606,1.36335
-1.73235,-8.76613,1.36487
-1.73527,-8.75619,1.36565
-1.73817,-8.74629,1.36646
-1.74387,-8.72653,1.36807
-1.74666,-8.71667,1.36888
-1.7521,-8.69699,1.37051
-1.75475,-8.68714,1.37132
-1.75993,-8.66744,1.37293
-1.76245,-8.6576,1.37373
-1.76492,-8.64776,1.37453
-1.76735,-8.63794,1.37534
-1.77209,-8.61832,1.37695
-1.77439,-8.60851,1.37774
-1.77888,-8.58896,1.37931
-1.78321,-8.56946,1.38089
-1.78532,-8.55974,1.38167
-1.7874,-8.55002,1.38246
-1.78945,-8.54032,1.38326
-1.79347,-8.52092,1.38485
-1.79535,-8.51118,1.38563
-1.79867,-8.49159,1.3872
-1.8002,-8.48177,1.38799
-1.80316,-8.46213,1.38953
-1.8046,-8.45232,1.3903
-1.80744,-8.43276,1.39182
-1.80884,-8.42299,1.39259
-1.81022,-8.41325,1.39336
-1.81296,-8.39376,1.39488
-1.81566,-8.37431,1.3964
-1.817,-8.3646,1.39717
-1.81834,-8.35491,1.39792
-1.81968,-8.34523,1.39867
-1.82234,-8.32593,1.40015
-1.82366,-8.31632,1.4009
-1.82629,-8.29714,1.40239
-1.82759,-8.28758,1.40314
-1.83017,-8.26849,1.40465
-1.83273,-8.24946,1.40616
-1.834,-8.23998,1.40692
-1.83527,-8.23053,1.4077
-1.8378,-8.21171,1.40925
-1.83906,-8.20233,1.41002
-1.84156,-8.18365,1.41157
-1.8428,-8.17435,1.41236
-1.84522,-8.15581,1.41396
-1.84641,-8.14659,1.41481
-1.84874,-8.12824,1.41655
-1.84989,-8.1191,1.41742
-1.8522,-8.10089,1.41916
-1.85336,-8.09182,1.42004
-1.85453,-8.08279,1.42092
-1.85688,-8.06473,1.42266
-1.85807,-8.05574,1.42353
-1.86047,-8.0378,1.42529
-1.8629,-8.01992,1.42703
-1.86413,-8.01103,1.4279
-1.86536,-8.00214,1.42876
-1.86787,-7.98439,1.43046
-1.87042,-7.96672,1.43218
-1.87171,-7.95789,1.43304
-1.873,-7.94908,1.43391
-1.8756,-7.93152,1.43566
-1.87692,-7.92279,1.43653
-1.87823,-7.91401,1.4374
-1.88088,-7.8963,1.43916
-1.88222,-7.88739,1.44002
-1.88495,-7.86956,1.44176
-1.88635,-7.86064,1.44261
-1.88919,-7.8428,1.4443
-1.89064,-7.83389,1.44514
-1.89357,-7.81609,1.44684
-1.89657,-7.79835,1.44851
-1.89806,-7.78949,1.44934
-1.89956,-7.78065,1.45016
-1.90255,-7.76303,1.45181
-1.90405,-7.75424,1.45264
-1.90557,-7.74546,1.45346
-1.90861,-7.72796,1.45518
-1.91162,-7.71056,1.45698
-1.9131,-7.70188,1.45789
-1.91456,-7.69323,1.4588
-1.91746,-7.67595,1.46062
-1.9189,-7.66731,1.46151
-1.92035,-7.6587,1.46239
-1.92329,-7.64148,1.46413
-1.92479,-7.63288,1.46498
-1.92786,-7.61571,1.46666
-1.92942,-7.60713,1.46749
-1.93254,-7.5899,1.46911
-1.93409,-7.58127,1.46991
-1.93564,-7.57265,1.47071
-1.93881,-7.55536,1.47231
-1.94046,-7.54672,1.47309
-1.94215,-7.53808,1.47386
-1.94564,-7.5208,1.47537
-1.94741,-7.51217,1.47612
-1.95096,-7.4949,1.4776
-1.95273,-7.48626,1.47834
-1.95451,-7.47763,1.47907
-1.95819,-7.46039,1.48051
-1.96014,-7.45178,1.48122
-1.96423,-7.4346,1.48263
-1.96843,-7.41743,1.48402
-1.97053,-7.40884,1.4847
-1.97263,-7.40024,1.48538
-1.97683,-7.38299,1.48674
-1.98118,-7.36564,1.48807
-1.9834,-7.35694,1.48874
-1.98565,-7.34824,1.48941
-1.99021,-7.33079,1.49073
-1.99485,-7.31326,1.49204
-1.99722,-7.30446,1.49268
-2.00215,-7.28685,1.49398
-2.00467,-7.27801,1.49462
-2.00723,-7.26915,1.49527
-2.01252,-7.25091,1.49657
-2.01524,-7.24151,1.49723
-2.01799,-7.23198,1.49788
-2.02352,-7.21263,1.4992
-2.02908,-7.19318,1.50053
-2.03186,-7.1834,1.5012
-2.03465,-7.1736,1.50188
-2.04024,-7.15395,1.50323
-2.04572,-7.13461,1.5046
-2.04824,-7.12559,1.50531
-2.05067,-7.11681,1.50602
-2.05579,-7.09857,1.50745
-2.05844,-7.08921,1.50817
-2.06098,-7.08024,1.50889
-2.0659,-7.0628,1.51032
-2.07076,-7.04557,1.51174
-2.0732,-7.03696,1.51244
-2.07563,-7.02836,1.51314
-2.08051,-7.01111,1.51454
-2.08537,-6.99385,1.51592
-2.08773,-6.98539,1.51661
-2.08999,-6.97722,1.5173
-2.0944,-6.96124,1.51866
-2.09659,-6.95333,1.51933
-2.10094,-6.93766,1.52067
-2.10306,-6.92999,1.52134
-2.10523,-6.92219,1.522
-2.10958,-6.90625,1.52332
-2.1139,-6.89003,1.52462
-2.11604,-6.88184,1.52527
-2.11815,-6.8736,1.52591
-2.12233,-6.85698,1.52718
-2.12438,-6.84861,1.52782
-2.12831,-6.83231,1.52907
-2.1302,-6.82433,1.52969
-2.13393,-6.80845,1.53091
-2.13579,-6.80051,1.53151
-2.13764,-6.79256,1.53211
-2.14122,-6.77701,1.53329
-2.14468,-6.76181,1.53445
-2.1464,-6.75423,1.53503
-2.14811,-6.74664,1.53559
-2.15147,-6.73177,1.5367
-2.1532,-6.72409,1.53725
-2.15696,-6.70726,1.53833
-2.15882,-6.69844,1.53886
-2.16063,-6.68968,1.53939
-2.16407,-6.67252,1.54045
-2.16573,-6.66399,1.54097
-2.169,-6.64695,1.542
-2.17065,-6.63843,1.54252
-2.17406,-6.62139,1.54353
-2.17579,-6.61286,1.54403
-2.17927,-6.59577,1.54503
-2.18273,-6.57863,1.54602
-2.18445,-6.57004,1.54651
-2.18789,-6.55285,1.54748
-2.18959,-6.54423,1.54797
-2.1913,-6.53562,1.54845
-2.19471,-6.51835,1.54941
-2.19644,-6.50972,1.54989
-2.19818,-6.50108,1.55037
-2.20172,-6.48381,1.55134
-2.20571,-6.46515,1.5523
-2.20788,-6.45528,1.55278
-2.2101,-6.44525,1.55326
-2.21235,-6.43516,1.55375
-2.2169,-6.4149,1.55473
-2.21919,-6.40476,1.55523
-2.22378,-6.3845,1.55623
-2.22608,-6.37438,1.55674
-2.23071,-6.35418,1.55777
-2.23307,-6.3441,1.55829
-2.23548,-6.33405,1.55881
-2.24041,-6.31395,1.55983
-2.24291,-6.30389,1.56029
-2.24542,-6.29382,1.56074
-2.25044,-6.27371,1.56163
-2.25294,-6.26368,1.56208
-2.25789,-6.24371,1.563
-2.26035,-6.23374,1.56347
-2.2628,-6.22381,1.56395
-2.26765,-6.20399,1.56492
-2.2725,-6.18428,1.56592
-2.27497,-6.17446,1.56643
-2.27747,-6.16468,1.56694
-2.28253,-6.1452,1.56798
-2.28516,-6.13523,1.56851
-2.29092,-6.11384,1.56955
-2.29692,-6.09177,1.57044
-2.29992,-6.08069,1.57088
-2.3029,-6.06961,1.57131
-2.3084,-6.04898,1.57221
-2.3136,-6.02955,1.57315
-2.3162,-6.02002,1.57363
-2.3188,-6.01056,1.57412
-2.32393,-5.99179,1.57512
-2.32915,-5.97204,1.57615
-2.33182,-5.96162,1.57667
-2.33448,-5.95108,1.5772
-2.33711,-5.94047,1.57774
-2.34226,-5.91923,1.57882
-2.34732,-5.89794,1.5798
-2.3498,-5.88731,1.58025
-2.35224,-5.8767,1.58069
-2.35464,-5.86612,1.58113
-2.35928,-5.84504,1.58202
-2.36376,-5.82409,1.58293
-2.36585,-5.81367,1.58339
-2.36776,-5.8033,1.58386
-2.37126,-5.78271,1.5848
-2.37291,-5.77251,1.58527
-2.37453,-5.76236,1.58574
-2.3777,-5.74223,1.58668
-2.38081,-5.72227,1.58761
-2.38235,-5.71236,1.58807
-2.3854,-5.69262,1.58896
-2.38841,-5.67299,1.58979
-2.3899,-5.66322,1.5902
-2.39138,-5.65349,1.59061
-2.39431,-5.63412,1.59143
-2.39576,-5.62447,1.59184
-2.39864,-5.60528,1.59265
-2.40007,-5.59572,1.59306
-2.40149,-5.58618,1.59346
-2.4043,-5.56719,1.59428
-2.40707,-5.54832,1.59509
-2.40845,-5.53894,1.5955
-2.40982,-5.52963,1.59591
-2.41254,-5.51117,1.59674
-2.41522,-5.49289,1.59757
-2.41655,-5.4838,1.59798
-2.41786,-5.47475,1.59841
-2.42045,-5.45674,1.59925
-2.42172,-5.44778,1.59968
-2.42299,-5.43885,1.60011
-2.42549,-5.42108,1.60097
-2.42672,-5.41223,1.60141
-2.42915,-5.39462,1.6023
-2.43035,-5.38586,1.60275
-2.43269,-5.36842,1.60365
-2.43383,-5.35973,1.60411
-2.43602,-5.34244,1.60503
-2.4381,-5.32525,1.60596
-2.4391,-5.3167,1.60643
-2.44008,-5.30815,1.6069
-2.44196,-5.29107,1.60781
-2.44287,-5.28255,1.60825
-2.44462,-5.26558,1.60912
-2.44546,-5.25712,1.60956
-2.44707,-5.24027,1.61043
-2.44784,-5.23188,1.61087
-2.44859,-5.22352,1.61131
-2.44988,-5.2068,1.61219
-2.45027,-5.19839,1.61263
-2.45069,-5.18155,1.61349
-2.45082,-5.17314,1.61392
-2.45102,-5.15635,1.61475
-2.45112,-5.14797,1.61515
-2.45131,-5.13127,1.61593
-2.45141,-5.12293,1.61631
-2.45151,-5.11462,1.61668
-2.45171,-5.09805,1.6174
-2.45187,-5.08158,1.6181
-2.45194,-5.07338,1.61838
-2.45199,-5.0652,1.61862
-2.45203,-5.05704,1.6188
-2.45208,-5.04077,1.61901
-2.45209,-5.03267,1.61905
-2.45209,-5.01652,1.61905
-2.45209,-5.00847,1.61905
-2.45209,-5.00046,1.61905
-2.45209,-4.9845,1.61905
-2.45209,-4.97656,1.61905
-2.45209,-4.96082,1.61905
-2.45209,-4.95303,1.61905
-2.45209,-4.93757,1.61905
-2.45209,-4.92989,1.61905
-2.45209,-4.91463,1.61905
-2.45209,-4.89943,1.61905
-2.45209,-4.89185,1.61905
-2.45209,-4.88429,1.61905
-2.45209,-4.8692,1.61905
-2.45209,-4.86168,1.61905
-2.45209,-4.8467,1.61905
-2.45209,-4.83923,1.61905
-2.45209,-4.83178,1.61905
-2.45209,-4.81693,1.61905
-2.45209,-4.80952,1.61905
-2.45209,-4.80213,1.61905
-2.45209,-4.78748,1.61905
-2.45209,-4.78022,1.61905
-2.45209,-4.77297,1.61905
-2.45209,-4.75855,1.61905
-2.45209,-4.75137,1.61905
-2.45209,-4.74419,1.61905
-2.45209,-4.73703,1.61905
-2.45209,-4.72272,1.61905
-2.45209,-4.7156,1.61905
-2.45209,-4.70145,1.61905
-2.45209,-4.69442,1.61905
-2.45209,-4.68741,1.61905
-2.45209,-4.67343,1.61905
-2.45209,-4.66645,1.61905
-2.45209,-4.65252,1.61905
-2.45209,-4.64558,1.61905
-2.45209,-4.63176,1.61905
-2.45209,-4.62488,1.61905
-2.45209,-4.61088,1.61905
-2.45209,-4.60377,1.61905
-2.45209,-4.59656,1.61905
-2.45209,-4.58193,1.61905
-2.45209,-4.57452,1.61905
-2.45209,-4.56706,1.61905
-2.45209,-4.55208,1.61905
-2.45209,-4.5371,1.61905
-2.45209,-4.52961,1.61906
-2.45207,-4.52214,1.61913
-2.45199,-4.50721,1.61932
-2.45192,-4.49975,1.6194
-2.45184,-4.4923,1.61946
-2.45155,-4.47738,1.61956
-2.45115,-4.46249,1.6198
-2.45092,-4.45505,1.61999
-2.45067,-4.4476,1.62018
-2.4501,-4.43266,1.62053
-2.44979,-4.42515,1.62068
-2.44912,-4.41009,1.62091
-2.44877,-4.40253,1.62101
-2.44805,-4.38736,1.62114
-2.44768,-4.37974,1.62118
-2.4469,-4.36447,1.6212
-2.44605,-4.34925,1.62114
-2.44561,-4.34166,1.62108
-2.44516,-4.3341,1.62101
-2.44423,-4.319,1.62081
-2.44372,-4.31147,1.6207
-2.4432,-4.30396,1.62057
-2.44209,-4.28897,1.62029
-2.44087,-4.27402,1.61998
-2.44023,-4.26654,1.61984
-2.43957,-4.25907,1.61971
-2.4382,-4.24416,1.61942
-2.4375,-4.23672,1.61926
-2.43606,-4.22189,1.61889
-2.43529,-4.21451,1.61869
-2.43362,-4.19982,1.61827
-2.43274,-4.19251,1.61804
-2.43091,-4.17794,1.61754
-2.42901,-4.16345,1.617
-2.42805,-4.15622,1.61671
-2.42709,-4.14899,1.61641
-2.42614,-4.14175,1.6161
-2.42416,-4.12726,1.61547
-2.42315,-4.12002,1.61513
-2.42213,-4.11278,1.61479
-2.42007,-4.09831,1.61407
-2.41905,-4.09109,1.61369
-2.41703,-4.07665,1.61293
-2.41604,-4.06945,1.61251
-2.41406,-4.05508,1.61163
-2.41205,-4.04076,1.61072
-2.41104,-4.0336,1.61025
-2.41003,-4.02644,1.60977
-2.40801,-4.01211,1.60882
-2.40598,-3.99772,1.60787
-2.40496,-3.99068,1.60739
-2.40401,-3.98403,1.6069
-2.40222,-3.97123,1.60592
-2.40134,-3.9649,1.60543
-2.40047,-3.95856,1.60494
-2.39868,-3.94555,1.60395
-2.39673,-3.93204,1.60296
-2.39577,-3.92548,1.60246
-2.39482,-3.91897,1.60197
-2.39289,-3.90598,1.60098
-2.39192,-3.89948,1.60049
-2.38996,-3.88645,1.59951
-2.38898,-3.87992,1.59901
-2.38703,-3.86685,1.59803
-2.38607,-3.8603,1.59753
-2.38512,-3.85376,1.59703
-2.38325,-3.84073,1.59602
-2.38156,-3.82838,1.59501
-2.38075,-3.82234,1.5945
-2.37996,-3.81631,1.594
-2.37832,-3.80428,1.593
-2.37655,-3.79243,1.59201
-2.37568,-3.78672,1.59152
-2.37482,-3.78106,1.59103
-2.37314,-3.76981,1.59005
-2.3723,-3.76419,1.58958
-2.37148,-3.75857,1.5891
-2.36986,-3.74729,1.58815
-2.3684,-3.73657,1.58721
-2.36772,-3.73141,1.58674
-2.36705,-3.72628,1.58627
-2.36573,-3.71597,1.58535
-2.36506,-3.71077,1.5849
-2.36374,-3.7003,1.58399
-2.36307,-3.69503,1.58355
-2.36178,-3.68459,1.58266
-2.36116,-3.67946,1.58222
-2.35992,-3.6692,1.58135
-2.35929,-3.66407,1.58089
-2.35867,-3.65892,1.58039
-2.35744,-3.64855,1.57935
-2.35684,-3.64345,1.57884
-2.35628,-3.63846,1.57834
-2.35519,-3.62861,1.57733
-2.35411,-3.61875,1.57635
-2.35357,-3.61379,1.57588
-2.35248,-3.60383,1.57495
-2.35193,-3.59882,1.57448
-2.35139,-3.59386,1.57403
-2.35035,-3.58403,1.57314
-2.34983,-3.57912,1.5727
-2.34924,-3.57392,1.57226
-2.3479,-3.56273,1.57141
-2.34719,-3.55697,1.57099
-2.34575,-3.54533,1.57014
-2.34504,-3.53952,1.56973
-2.34435,-3.53381,1.56931
-2.34303,-3.5225,1.56846
-2.34238,-3.51684,1.56804
-2.34109,-3.50549,1.56722
-2.34045,-3.49979,1.56682
-2.33918,-3.48835,1.56601
-2.33854,-3.4826,1.56561
-2.33729,-3.47107,1.56481
-2.33604,-3.45949,1.56398
-2.33543,-3.45372,1.56348
-2.33482,-3.44794,1.56295
-2.33362,-3.43633,1.56187
-2.33303,-3.43048,1.56134
-2.33245,-3.42461,1.56082
-2.33131,-3.4128,1.55977
-2.33081,-3.40683,1.55927
-2.33012,-3.39461,1.55827
-2.32989,-3.38841,1.55778
-2.32954,-3.37591,1.55683
-2.32925,-3.36331,1.55591
-2.32911,-3.35699,1.55546
-2.32898,-3.35066,1.55503
-2.32872,-3.33797,1.55417
-2.32859,-3.3316,1.55376
-2.32846,-3.32523,1.55335
-2.3282,-3.31248,1.55255
-2.32806,-3.30608,1.55216
-2.32779,-3.29329,1.5514
-2.32766,-3.28689,1.55103
-2.32738,-3.27405,1.55031
-2.32724,-3.26761,1.54999
-2.32695,-3.25471,1.54938
-2.3268,-3.24825,1.54908
-2.3265,-3.23534,1.5485
-2.32635,-3.22888,1.54822
-2.32604,-3.21595,1.54766
-2.32573,-3.20302,1.54709
-2.32557,-3.19655,1.5468
-2.32541,-3.19009,1.54652
-2.32509,-3.17715,1.54595
-2.32492,-3.17068,1.54567
-2.32459,-3.15774,1.5451
-2.32442,-3.15127,1.54482
-2.32425,-3.14479,1.54454
-2.3239,-3.13185,1.54398
-2.32371,-3.12538,1.5437
-2.32353,-3.1189,1.54341
-2.32316,-3.10593,1.54285
-2.32277,-3.09296,1.5423
-2.32258,-3.08647,1.54202
-2.32237,-3.07999,1.54175
-2.32217,-3.07349,1.54149
-2.32175,-3.06048,1.54103
-2.32155,-3.05396,1.54081
-2.32134,-3.04744,1.54059
-2.32094,-3.03437,1.54017
-2.32075,-3.02783,1.53996
-2.32055,-3.02128,1.53975
-2.32017,-3.00816,1.53933
-2.31999,-3.0016,1.53912
-2.31962,-2.98845,1.5387
-2.31943,-2.98187,1.53849
-2.31904,-2.96869,1.53808
-2.31883,-2.9621,1.53788
-2.31841,-2.94888,1.53747
-2.31822,-2.94224,1.53726
-2.31808,-2.93557,1.53706
-2.31798,-2.92888,1.53686
-2.31785,-2.91542,1.53646
-2.31776,-2.90193,1.53607
-2.31771,-2.89517,1.53587
-2.31767,-2.88841,1.53568
-2.31756,-2.87488,1.53529
-2.3175,-2.86811,1.5351
-2.31743,-2.86135,1.53492
-2.31728,-2.84779,1.53457
-2.31719,-2.84099,1.53444
-2.317,-2.82737,1.53422
-2.3169,-2.82056,1.53411
-2.31679,-2.81375,1.53401
-2.31656,-2.80012,1.53379
-2.31631,-2.78649,1.53357
-2.31617,-2.77967,1.53345
-2.31603,-2.77285,1.53334
-2.31574,-2.7592,1.53309
-2.31558,-2.75238,1.53297
-2.31526,-2.73873,1.53271
-2.31509,-2.73191,1.53258
-2.31491,-2.7251,1.53245
-2.31455,-2.71146,1.53219
-2.31435,-2.70464,1.53205
-2.31416,-2.69782,1.53192
-2.31375,-2.68418,1.53165
-2.31353,-2.67736,1.53151
-2.31309,-2.66373,1.53123
-2.31286,-2.65691,1.53109
-2.3124,-2.64325,1.53087
-2.31193,-2.62956,1.5307
-2.31171,-2.62271,1.53061
-2.31127,-2.60898,1.53044
-2.31105,-2.60211,1.53036
-2.31084,-2.59524,1.53027
-2.31043,-2.5815,1.53009
-2.31023,-2.57462,1.52999
-2.30984,-2.56084,1.52981
-2.30964,-2.55394,1.52971
-2.30945,-2.54704,1.52961
-2.30907,-2.53324,1.52942
-2.30889,-2.52633,1.52932
-2.30853,-2.5125,1.52913
-2.30836,-2.50559,1.52903
-2.30819,-2.49867,1.52893
-2.30786,-2.48482,1.52874
-2.30773,-2.47787,1.52864
-2.30763,-2.4709,1.52855
-2.3075,-2.4569,1.52837
-2.30741,-2.4429,1.52813
-2.30737,-2.4359,1.52799
-2.30733,-2.4289,1.52785
-2.30725,-2.41488,1.52756
-2.30721,-2.40787,1.52742
-2.30711,-2.39385,1.52713
-2.30706,-2.38684,1.52699
-2.30694,-2.37284,1.5267
-2.30688,-2.36583,1.52656
-2.30675,-2.35181,1.52629
-2.30667,-2.3448,1.52615
-2.30652,-2.33079,1.52587
-2.30643,-2.32379,1.52573
-2.30625,-2.30979,1.52546
-2.30606,-2.29579,1.52519
-2.30596,-2.2888,1.52505
-2.30585,-2.2818,1.52491
-2.30563,-2.26781,1.52464
-2.30539,-2.25381,1.52435
-2.30527,-2.24681,1.52418
-2.30514,-2.23983,1.524
-2.30488,-2.22586,1.52363
-2.30461,-2.21188,1.52325
-2.30447,-2.20487,1.52307
-2.30433,-2.19786,1.52289
-2.30407,-2.1838,1.52252
-2.30382,-2.16969,1.52216
-2.30369,-2.16262,1.52199
-2.30358,-2.15554,1.52181
-2.30335,-2.14136,1.52146
-2.30324,-2.13426,1.52129
-2.30303,-2.12003,1.52094
-2.30294,-2.11291,1.52077
-2.30284,-2.10578,1.52061
-2.30266,-2.09149,1.52027
-2.30257,-2.08433,1.52011
-2.30239,-2.07,1.51978
-2.30229,-2.06283,1.51961
-2.3022,-2.05565,1.51945
-2.30199,-2.04129,1.51912
-2.30178,-2.02692,1.51878
-2.30167,-2.01974,1.51861
-2.30157,-2.01255,1.51844
-2.30147,-2.00536,1.51827
-2.30127,-1.99096,1.51793
-2.30117,-1.98376,1.51777
-2.30099,-1.96934,1.51743
-2.3009,-1.96214,1.51726
-2.30073,-1.9477,1.51693
-2.30066,-1.94047,1.51677
-2.3005,-1.926,1.51644
-2.3004,-1.91877,1.51627
-2.30019,-1.90429,1.51595
-2.30006,-1.89706,1.51579
-2.29993,-1.88982,1.51562
-2.2995,-1.87428,1.5153
-2.29922,-1.86606,1.51514
-2.29857,-1.84933,1.51481
-2.29822,-1.8409,1.51465
-2.29786,-1.83246,1.51453
-2.2971,-1.81555,1.51433
-2.29629,-1.79867,1.51412
-2.29587,-1.79025,1.51401
-2.29544,-1.78184,1.5139
-2.29454,-1.76505,1.51365
-2.29409,-1.75666,1.51352
-2.29316,-1.73993,1.51324
-2.29223,-1.72322,1.51293
-2.29177,-1.71488,1.51277
-2.29131,-1.70653,1.51261
-2.29041,-1.68987,1.51227
-2.28953,-1.67321,1.51191
-2.2891,-1.66488,1.51172
-2.28822,-1.64826,1.51125
-2.28778,-1.64006,1.51077
-2.28734,-1.63191,1.51016
-2.2869,-1.62379,1.5095
-2.28602,-1.60754,1.50814
-2.28558,-1.59943,1.50741
-2.28474,-1.5833,1.50578
-2.28394,-1.56719,1.50411
-2.28355,-1.55912,1.5033
-2.28318,-1.55104,1.5025
-2.28246,-1.53486,1.50097
-2.2818,-1.51859,1.49952
-2.28146,-1.51043,1.49882
-2.28111,-1.50227,1.49815
-2.28037,-1.48593,1.49685
-2.27999,-1.47776,1.49623
-2.27921,-1.46141,1.49503
-2.27882,-1.45323,1.49445
-2.27804,-1.43687,1.49332
-2.27724,-1.42051,1.49225
-2.27684,-1.41232,1.49173
-2.27643,-1.40414,1.49122
-2.276,-1.39595,1.49071
-2.27508,-1.37958,1.48974
-2.27409,-1.36321,1.48879
-2.27358,-1.35503,1.48833
-2.27306,-1.34685,1.48787
-2.27203,-1.3305,1.48698
-2.27102,-1.31416,1.4861
-2.27051,-1.30599,1.48567
-2.27,-1.29782,1.48524
-2.26896,-1.28151,1.48439
-2.26843,-1.27336,1.48397
-2.26789,-1.26522,1.48355
-2.26677,-1.24892,1.48273
-2.26566,-1.23265,1.48191
-2.26513,-1.22454,1.48151
-2.26461,-1.21644,1.4811
-2.2636,-1.20027,1.4803
-2.26266,-1.18416,1.4795
-2.2622,-1.17613,1.4791
-2.26134,-1.1601,1.47831
-2.26092,-1.15211,1.47792
-2.26052,-1.14414,1.47753
-2.25982,-1.12825,1.47676
-2.25951,-1.12033,1.47637
-2.25923,-1.11243,1.47599
-2.25874,-1.09668,1.47523
-2.25853,-1.08864,1.47486
-2.2583,-1.07214,1.47429
-2.2583,-1.06382,1.47429
-2.2583,-1.0555,1.47429
-2.2583,-1.03889,1.47429
-2.2583,-1.03062,1.47429
-2.2583,-1.01414,1.47429
-2.2583,-1.00593,1.47429
-2.2583,-0.99775,1.47429
-2.2583,-0.980844,1.47429
-2.2583,-0.972097,1.47429
-2.2583,-0.954465,1.47429
-2.2583,-0.94563,1.47429
-2.2583,-0.936776,1.47429
-2.2583,-0.919064,1.47429
-2.2583,-0.901379,1.47429
-2.2583,-0.892562,1.47429
-2.2583,-0.883753,1.47429
-2.2583,-0.866203,1.47429
-2.2583,-0.857462,1.47429
-2.2583,-0.848735,1.47429
-2.2583,-0.839836,1.47429
-2.2583,-0.8208,1.47429
-2.2583,-0.811035,1.47429
-2.2583,-0.791414,1.47429
-2.2583,-0.781644,1.47429
-2.2583,-0.76216,1.47429
-2.2583,-0.742796,1.47429
-2.2583,-0.73317,1.47429
-2.2583,-0.723573,1.47429
-2.2583,-0.714022,1.47429
-2.2583,-0.695011,1.47429
-2.2583,-0.685551,1.47429
-2.2583,-0.66674,1.47429
-2.2583,-0.657388,1.47429
-2.25835,-0.638772,1.47407
-2.25844,-0.629525,1.47369
-2.25873,-0.611165,1.47246
-2.25891,-0.60201,1.47168
-2.25911,-0.592883,1.47085
-2.25953,-0.57469,1.46907
-2.25997,-0.556504,1.46726
-2.26021,-0.547408,1.46639
-2.26069,-0.52921,1.46473
-2.26093,-0.520118,1.46393
-2.26119,-0.511025,1.46315
-2.2617,-0.492867,1.46167
-2.26197,-0.483804,1.46096
-2.26251,-0.465703,1.45958
-2.26279,-0.456666,1.45892
-2.26307,-0.447648,1.45828
-2.26365,-0.429644,1.45704
-2.26425,-0.411694,1.45585
-2.26455,-0.402738,1.45528
-2.26486,-0.393785,1.45471
-2.26548,-0.375925,1.45362
-2.2658,-0.367023,1.45309
-2.26643,-0.349265,1.45206
-2.26707,-0.331574,1.45107
-2.2674,-0.322752,1.45059
-2.26772,-0.313956,1.45011
-2.26838,-0.296408,1.44919
-2.26871,-0.287659,1.44873
-2.26905,-0.278935,1.44829
-2.26972,-0.261536,1.44741
-2.2704,-0.244212,1.44656
-2.27074,-0.235574,1.44614
-2.27108,-0.226963,1.44573
-2.27177,-0.209792,1.44491
-2.27211,-0.20123,1.44451
-2.27281,-0.184175,1.44372
-2.27351,-0.167167,1.44295
-2.27386,-0.158689,1.44256
-2.27421,-0.150239,1.44218
-2.27456,-0.141802,1.4418
-2.27527,-0.125,1.44105
-2.27563,-0.116635,1.44068
-2.27636,-0.0999593,1.43995
-2.27674,-0.0916485,1.43958
-2.27713,-0.0833686,1.43922
-2.27798,-0.0668628,1.4385
-2.27891,-0.0504415,1.43779
-2.27939,-0.0422572,1.43744
-2.27989,-0.0341035,1.43709
-2.28092,-0.0178462,1.43641
-2.28145,-0.00974237,1.43607
-2.28253,0.00639721,1.4354
-2.28365,0.0224554,1.43474
-2.28423,0.0304765,1.43442
-2.28483,0.0384688,1.4341
-2.28608,0.0544012,1.43347
-2.28739,0.0702558,1.43285
-2.28806,0.0781623,1.43255
-2.28944,0.0940597,1.43195
-2.29014,0.102056,1.43166
-2.29085,0.110071,1.43137
-2.29226,0.126093,1.43081
-2.2937,0.142071,1.43026
-2.29443,0.150034,1.42999
-2.29518,0.157985,1.42972
-2.29669,0.173824,1.42919
-2.29747,0.181713,1.42894
-2.29824,0.189587,1.42868
-2.29903,0.197437,1.42843
-2.3006,0.213101,1.42793
-2.30218,0.228693,1.42745
-2.30298,0.236457,1.42721
-2.30378,0.244204,1.42698
-2.30544,0.259627,1.42652
-2.30628,0.267304,1.42629
-2.30713,0.274965,1.42607
-2.30883,0.29022,1.42563
-2.30968,0.297814,1.42542
-2.31137,0.312944,1.425
-2.31221,0.320482,1.4248
-2.31305,0.327993,1.4246
-2.31471,0.342958,1.4242
-2.31639,0.357838,1.42382
-2.31724,0.365248,1.42363
-2.31809,0.372631,1.42344
-2.31981,0.387341,1.42307
-2.32153,0.401965,1.42271
-2.32238,0.409249,1.42253
-2.32324,0.416523,1.42235
-2.32502,0.431003,1.42201
-2.32593,0.438207,1.42184
-2.32772,0.452556,1.42151
-2.32949,0.466819,1.42119
-2.33125,0.480999,1.42087
-2.33213,0.488059,1.42072
-2.333,0.49509,1.42057
-2.3339,0.502105,1.42042
-2.33576,0.516061,1.42013
-2.33671,0.523002,1.41998
-2.33867,0.536826,1.4197
-2.33967,0.543709,1.41957
-2.3407,0.550563,1.41944
-2.34278,0.564216,1.41919
-2.34493,0.577805,1.41896
-2.34602,0.584573,1.41885
-2.34711,0.591347,1.41875
-2.34924,0.604894,1.41855
-2.35028,0.611662,1.41847
-2.3513,0.618432,1.41838
-2.3533,0.631933,1.41822
-2.35429,0.638659,1.41815
-2.35528,0.645376,1.41808
-2.35736,0.658744,1.41794
-2.35956,0.672032,1.41781
-2.36068,0.678642,1.41775
-2.36181,0.685241,1.4177
-2.36295,0.691813,1.41765
-2.36522,0.704907,1.41756
-2.36636,0.711429,1.41753
-2.36866,0.724405,1.41747
-2.37107,0.737295,1.41743
-2.37231,0.743704,1.41742
-2.37356,0.7501,1.41742
-2.37483,0.756485,1.41742
-2.37736,0.769177,1.41744
-2.37862,0.77548,1.41746
-2.38113,0.788019,1.41753
-2.38239,0.794254,1.41757
-2.38494,0.806638,1.41767
-2.38621,0.81279,1.41774
-2.38867,0.825032,1.41788
-2.38986,0.831123,1.41796
-2.39104,0.837182,1.41805
-2.39333,0.849243,1.41823
-2.39559,0.861213,1.41843
-2.39673,0.867167,1.41853
-2.39788,0.87309,1.41863
-2.40015,0.884881,1.41885
-2.40127,0.890747,1.41896
-2.40345,0.902379,1.41919
-2.40555,0.913868,1.41943
-2.40657,0.919547,1.41955
-2.40757,0.925174,1.41967
-2.40854,0.930765,1.41979
-2.41049,0.941816,1.42004
-2.41252,0.952712,1.42027
-2.41356,0.9581,1.42039
-2.4146,0.963459,1.42052
-2.41669,0.974069,1.42076
-2.41875,0.984547,1.42102
-2.41977,0.989732,1.42115
-2.42079,0.994893,1.42128
-2.42273,1.00513,1.42156
-2.42348,1.01016,1.4217
-2.42412,1.01503,1.42183
-2.42508,1.02362,1.4221
-2.42536,1.02705,1.42222
-2.42553,1.0302,1.42233
-2.42557,1.03466,1.42242
-2.42557,1.03628,1.42242
-2.42608,1.0431,1.42252
-2.42789,1.0549,1.42261
-2.42925,1.0626,1.42264
-2.43091,1.07153,1.42267
-2.43287,1.08164,1.42271
-2.43763,1.10481,1.4228
-2.44023,1.11753,1.42287
-2.44542,1.14462,1.42307
-2.44801,1.1587,1.42319
-2.45319,1.18741,1.42349
-2.45579,1.20192,1.42366
-2.46101,1.2311,1.42404
-2.46364,1.24572,1.42425
-2.46625,1.26037,1.42447
-2.47139,1.28969,1.42494
-2.4739,1.30436,1.4252
-2.47879,1.33372,1.42573
-2.48117,1.3484,1.426
-2.48578,1.37778,1.42657
-2.48802,1.39248,1.42685
-2.49237,1.42188,1.42742
-2.49449,1.43659,1.4277
-2.49862,1.46603,1.42825
-2.50062,1.48076,1.42851
-2.5026,1.4955,1.42876
-2.50632,1.52502,1.42923
-2.50975,1.55462,1.42964
-2.51141,1.56947,1.43105
-2.51304,1.58437,1.43466
-2.51627,1.61424,1.4448
-2.51788,1.62919,1.45054
-2.52109,1.6591,1.46241
-2.52267,1.67406,1.46842
-2.52584,1.70399,1.48049
-2.52743,1.71896,1.48652
-2.5306,1.7489,1.49856
-2.53378,1.77884,1.51058
-2.53536,1.79381,1.51658
-2.53697,1.80878,1.52257
-2.54019,1.83872,1.53452
-2.54345,1.86866,1.54644
-2.54509,1.88363,1.55238
-2.54674,1.89859,1.55831
-2.55008,1.92853,1.57014
-2.55178,1.94349,1.57604
-2.55352,1.95845,1.58193
-2.55706,1.9882,1.59359
-2.5588,2.0027,1.59927
-2.5605,2.01679,1.60478
-2.56374,2.04338,1.61517
-2.56674,2.06776,1.6247
-2.56815,2.07914,1.62915
-2.5695,2.09,1.6334
-2.5708,2.10036,1.63745
-2.57128,2.10487,1.63899
-2.57119,2.11087,1.6393
-2.57073,2.12077,1.64006
-2.5693,2.14596,1.64191
-2.56756,2.17401,1.64369
-2.56667,2.18849,1.64446
-2.56578,2.20314,1.64514
-2.56405,2.23277,1.64625
-2.56231,2.26266,1.64715
-2.5614,2.27768,1.64752
-2.55943,2.3079,1.64802
-2.55836,2.32311,1.64815
-2.55723,2.33834,1.64822
-2.5548,2.36873,1.64811
-2.55213,2.39894,1.64773
-2.55062,2.41395,1.64744
-2.54903,2.42892,1.64711
-2.54567,2.45865,1.64626
-2.54393,2.47348,1.64581
-2.54217,2.4883,1.64534
-2.53852,2.51785,1.64434
-2.5366,2.53258,1.64379
-2.53253,2.56191,1.64262
-2.53037,2.5765,1.64197
-2.52581,2.60557,1.6406
-2.52342,2.62005,1.63988
-2.52095,2.63447,1.63912
-2.51581,2.66319,1.6375
-2.51312,2.67748,1.63664
-2.50737,2.70588,1.63482
-2.50437,2.72002,1.63387
-2.50131,2.73413,1.63291
-2.49508,2.76227,1.63093
-2.49191,2.7763,1.62992
-2.48549,2.80433,1.62787
-2.479,2.83229,1.62576
-2.47573,2.84624,1.62468
-2.47245,2.86017,1.62359
-2.46584,2.88799,1.62137
-2.46252,2.90188,1.62024
-2.45919,2.91577,1.61911
-2.45249,2.9435,1.61682
-2.44913,2.95735,1.61567
-2.44237,2.98505,1.61336
-2.43898,2.9989,1.6122
-2.43561,3.01275,1.61105
-2.42922,3.03905,1.60875
-2.42623,3.05148,1.6076
-2.4233,3.06372,1.60646
-2.41755,3.08793,1.60416
-2.41472,3.09998,1.603
-2.40915,3.12383,1.60072
-2.4039,3.14645,1.59849
-2.40132,3.15755,1.5974
-2.39881,3.16843,1.59632
-2.39382,3.18995,1.5942
-2.38889,3.21189,1.59215
-2.38653,3.22296,1.59115
-2.3842,3.23406,1.59016
-2.37962,3.25633,1.58824
-2.37738,3.26735,1.58731
-2.37311,3.28865,1.58544
-2.36893,3.30958,1.5836
-2.36689,3.31984,1.5827
-2.3649,3.3299,1.58182
-2.36095,3.34975,1.58012
-2.35704,3.36939,1.5785
-2.35513,3.37897,1.57771
-2.35324,3.38846,1.57695
-2.34943,3.40732,1.57549
-2.34741,3.41709,1.57478
-2.34528,3.4272,1.5741
-2.34084,3.44792,1.57277
-2.33627,3.46888,1.57151
-2.33396,3.4794,1.57089
-2.33166,3.48994,1.57029
-2.32709,3.51106,1.56913
-2.32253,3.53224,1.56804
-2.32025,3.54284,1.56752
-2.31796,3.55346,1.56701
-2.31335,3.5747,1.56603
-2.311,3.58532,1.56556
-2.30617,3.60655,1.56467
-2.30116,3.62778,1.56384
-2.29858,3.63838,1.56343
-2.29583,3.64938,1.56303
-2.2896,3.67312,1.56224
-2.28294,3.69764,1.56141
-2.27949,3.70998,1.561
-2.27598,3.72234,1.5606
-2.26883,3.74708,1.5598
-2.26521,3.75945,1.55942
-2.26156,3.77181,1.55903
-2.25421,3.79654,1.55828
-2.24677,3.82125,1.55755
-2.2431,3.8334,1.55719
-2.23956,3.84514,1.55683
-2.23264,3.86801,1.55612
-2.2292,3.87932,1.55578
-2.22227,3.9019,1.55517
-2.21864,3.91351,1.5549
-2.2109,3.93758,1.55437
-2.20692,3.9498,1.55411
-2.20289,3.96206,1.55384
-2.19492,3.98626,1.55328
-2.1911,3.99783,1.55298
-2.18364,4.02047,1.55233
-2.17993,4.03168,1.55199
-2.17252,4.05399,1.55129
-2.16876,4.06541,1.55092
-2.16492,4.07724,1.55054
-2.15719,4.10143,1.54977
-2.1532,4.11416,1.54938
-2.1452,4.14093,1.54855
-2.14154,4.15381,1.54811
-2.13805,4.16646,1.54764
-2.13138,4.19147,1.54666
-2.12811,4.20399,1.54626
-2.121,4.23114,1.5459
-2.11736,4.24531,1.54564
-2.11026,4.27381,1.5447
-2.10683,4.28809,1.54413
-2.10347,4.30239,1.5435
-2.09699,4.33101,1.54217
-2.09079,4.35965,1.54076
-2.08787,4.374,1.54004
-2.0852,4.3884,1.5393
-2.08033,4.41727,1.53779
-2.07802,4.43172,1.53703
-2.07346,4.46063,1.5355
-2.07119,4.47509,1.53472
-2.06676,4.50402,1.53317
-2.06256,4.53298,1.53161
-2.06055,4.54748,1.53083
-2.0586,4.56198,1.53005
-2.05489,4.59103,1.52849
-2.05313,4.60557,1.52771
-2.05149,4.62013,1.52693
-2.04882,4.64935,1.52538
-2.04661,4.67864,1.52384
-2.04555,4.6933,1.52309
-2.04449,4.70797,1.52234
-2.04236,4.73732,1.52086
-2.04132,4.75201,1.52013
-2.04031,4.76671,1.51941
-2.0384,4.79613,1.51798
-2.0375,4.81086,1.51727
-2.03584,4.84034,1.51588
-2.03436,4.86985,1.51452
-2.03377,4.88463,1.51384
-2.03337,4.89943,1.51317
-2.03279,4.92908,1.51186
-2.03255,4.94391,1.51122
-2.03232,4.95876,1.51059
-2.03185,4.98847,1.50935
-2.03169,5.00334,1.50875
-2.03158,5.01823,1.50827
-2.03152,5.03312,1.50801
-2.03151,5.06293,1.50796
-2.03151,5.07783,1.50796
-2.03151,5.09272,1.50796
-2.03151,5.12248,1.50796
-2.03151,5.13734,1.50796
-2.03151,5.16702,1.50796
-2.03151,5.18184,1.50796
-2.03151,5.19664,1.50796
-2.03151,5.2262,1.50796
-2.03151,5.24096,1.50796
-2.03159,5.27041,1.5076
-2.03175,5.28511,1.50692
-2.03242,5.31447,1.5053
-2.03294,5.32915,1.5045
-2.03434,5.35853,1.50296
-2.03535,5.37321,1.50223
-2.0366,5.38788,1.50152
-2.03959,5.41723,1.50018
-2.04124,5.43192,1.49955
-2.04296,5.44662,1.49895
-2.04658,5.47608,1.49785
-2.0485,5.49083,1.49734
-2.05281,5.52033,1.49643
-2.05522,5.53508,1.49603
-2.05781,5.54981,1.49566
-2.06351,5.57925,1.49502
-2.06662,5.59396,1.49476
-2.06989,5.60866,1.49454
-2.07692,5.63804,1.49422
-2.08459,5.66739,1.49407
-2.08865,5.68201,1.49407
-2.09284,5.69658,1.49412
-2.09716,5.71106,1.49421
-2.10615,5.7398,1.49455
-2.11082,5.75404,1.4948
-2.1156,5.76819,1.4951
-2.12547,5.79624,1.49585
-2.13055,5.81014,1.4963
-2.14103,5.83766,1.49737
-2.14642,5.85128,1.49798
-2.15186,5.86482,1.49865
-2.16285,5.89171,1.50017
-2.17392,5.91834,1.50191
-2.17946,5.93158,1.50286
-2.18499,5.94477,1.50386
-2.19601,5.97102,1.50603
-2.20149,5.98409,1.50719
-2.20695,5.99712,1.5084
-2.21781,6.02308,1.51097
-2.2232,6.03601,1.51231
-2.2339,6.06179,1.51514
-2.23916,6.07466,1.51662
-2.24953,6.10035,1.5197
-2.25465,6.11317,1.52129
-2.25975,6.12598,1.52292
-2.26988,6.15152,1.52627
-2.2749,6.16426,1.52799
-2.28472,6.18975,1.53154
-2.28951,6.2025,1.53336
-2.29887,6.22802,1.53708
-2.30793,6.25356,1.54091
-2.31235,6.26634,1.54286
-2.3167,6.27913,1.54483
-2.32098,6.29193,1.54682
-2.32922,6.31758,1.55085
-2.33302,6.3305,1.5529
-2.34012,6.35645,1.55702
-2.34354,6.36946,1.5591
-2.35023,6.39552,1.56326
-2.35354,6.40855,1.56535
-2.35681,6.4216,1.56744
-2.3632,6.44772,1.57163
-2.36629,6.46081,1.57373
-2.37228,6.48703,1.57794
-2.37517,6.50016,1.58004
-2.38076,6.52647,1.58427
-2.38346,6.53965,1.58638
-2.38868,6.56605,1.59061
-2.39113,6.57928,1.59273
-2.39542,6.60589,1.59696
-2.39735,6.61924,1.59907
-2.39918,6.63261,1.60118
-2.40264,6.65942,1.60536
-2.4043,6.67285,1.60744
-2.40738,6.69979,1.61156
-2.40879,6.71329,1.6136
-2.41135,6.74036,1.61765
-2.4125,6.75393,1.61966
-2.41455,6.78114,1.62363
-2.41548,6.79477,1.6256
-2.417,6.82211,1.62949
-2.41744,6.83583,1.63135
-2.41807,6.86335,1.6341
-2.41834,6.87713,1.63528
-2.41888,6.90469,1.6376
-2.41915,6.91846,1.6388
-2.41942,6.93223,1.63994
-2.41982,6.95976,1.64171
-2.42003,6.98724,1.64259
-2.42005,7.00095,1.6427
-2.42005,7.01463,1.6427
-2.42005,7.04186,1.6427
-2.42005,7.05541,1.6427
-2.42005,7.08235,1.6427
-2.42005,7.10908,1.6427
-2.42005,7.12236,1.6427
-2.42005,7.13558,1.6427
-2.42005,7.14875,1.6427
-2.4199,7.17489,1.64337
-2.41973,7.18787,1.64414
-2.41921,7.21367,1.64643
-2.41885,7.22652,1.64793
-2.41844,7.23934,1.64968
-2.41743,7.26494,1.65387
-2.41618,7.29055,1.65905
-2.41547,7.30338,1.66195
-2.41389,7.32915,1.66764
-2.41216,7.35508,1.67311
-2.41125,7.36811,1.67575
-2.4103,7.38118,1.67835
-2.40825,7.40743,1.68339
-2.40705,7.42127,1.68441
-2.40426,7.45059,1.68294
-2.40112,7.48071,1.67974
-2.39942,7.49586,1.67795
-2.39766,7.51102,1.67612
-2.39582,7.52619,1.67428
-2.39187,7.55651,1.67063
-2.3897,7.57163,1.66885
-2.38505,7.60183,1.66534
-2.38262,7.61691,1.66361
-2.37771,7.64706,1.6602
-2.37526,7.66214,1.65851
-2.37038,7.6923,1.65518
-2.36795,7.70739,1.65353
-2.36554,7.72247,1.6519
-2.36314,7.73756,1.65027
-2.35846,7.7671,1.64711
-2.35629,7.78092,1.64563
-2.35417,7.79439,1.6442
-2.35004,7.82088,1.6414
-2.34802,7.83403,1.64002
-2.34383,7.86091,1.63724
-2.3417,7.87442,1.63585
-2.33758,7.90033,1.6332
-2.33563,7.91257,1.63194
-2.33376,7.92433,1.63074
-2.33024,7.9463,1.62849
